filename,category,source
ban_0000.jpg,ban,ImageNet
ban_0001.jpg,ban,ImageNet
ban_0002.jpg,ban,ImageNet
ban_0003.jpg,ban,ImageNet
ban_0004.jpg,ban,ImageNet
ban_0005.jpg,ban,ImageNet
ban_0006.jpg,ban,ImageNet
ban_0007.jpg,ban,ImageNet
ban_0008.jpg,ban,ImageNet
ban_0009.jpg,ban,ImageNet
ban_0010.jpg,ban,ImageNet
ban_0011.jpg,ban,ImageNet
ban_0012.jpg,ban,ImageNet
ban_0013.jpg,ban,ImageNet
ban_0014.jpg,ban,ImageNet
ban_0015.jpg,ban,ImageNet
ban_0016.jpg,ban,ImageNet
ban_0017.jpg,ban,ImageNet
ban_0018.jpg,ban,ImageNet
ban_0019.jpg,ban,ImageNet
ban_0020.jpg,ban,ImageNet
ban_0021.jpg,ban,ImageNet
ban_0022.jpg,ban,ImageNet
ban_0023.jpg,ban,ImageNet
ban_0024.jpg,ban,ImageNet
ban_0025.jpg,ban,ImageNet
ban_0026.jpg,ban,ImageNet
ban_0027.jpg,ban,ImageNet
ban_0028.jpg,ban,ImageNet
ban_0029.jpg,ban,ImageNet
ban_0030.jpg,ban,ImageNet
ban_0031.jpg,ban,ImageNet
ban_0032.jpg,ban,ImageNet
ban_0033.jpg,ban,ImageNet
ban_0034.jpg,ban,ImageNet
ban_0035.jpg,ban,ImageNet
ban_0036.jpg,ban,ImageNet
ban_0037.jpg,ban,ImageNet
ban_0038.jpg,ban,ImageNet
ban_0039.jpg,ban,ImageNet
ban_0040.jpg,ban,ImageNet
ban_0041.jpg,ban,ImageNet
ban_0042.jpg,ban,ImageNet
ban_0043.jpg,ban,ImageNet
ban_0044.jpg,ban,ImageNet
ban_0045.jpg,ban,ImageNet
ban_0046.jpg,ban,ImageNet
ban_0047.jpg,ban,ImageNet
ban_0048.jpg,ban,ImageNet
ban_0049.jpg,ban,ImageNet
ban_0050.jpg,ban,ImageNet
ban_0051.jpg,ban,ImageNet
ban_0052.jpg,ban,ImageNet
ban_0053.jpg,ban,ImageNet
ban_0054.jpg,ban,ImageNet
ban_0055.jpg,ban,ImageNet
ban_0056.jpg,ban,ImageNet
ban_0057.jpg,ban,ImageNet
ban_0058.jpg,ban,ImageNet
ban_0059.jpg,ban,ImageNet
ban_0060.jpg,ban,ImageNet
ban_0061.jpg,ban,ImageNet
ban_0062.jpg,ban,ImageNet
ban_0063.jpg,ban,ImageNet
ban_0064.jpg,ban,ImageNet
ban_0065.jpg,ban,ImageNet
ban_0066.jpg,ban,ImageNet
ban_0067.jpg,ban,ImageNet
ban_0068.jpg,ban,ImageNet
ban_0069.jpg,ban,ImageNet
ban_0070.jpg,ban,ImageNet
ban_0071.jpg,ban,ImageNet
ban_0072.jpg,ban,ImageNet
ban_0073.jpg,ban,ImageNet
ban_0074.jpg,ban,ImageNet
ban_0075.jpg,ban,ImageNet
ban_0076.jpg,ban,ImageNet
ban_0077.jpg,ban,ImageNet
bat_0000.jpg,bat,ImageNet
bat_0001.jpg,bat,ImageNet
bat_0002.jpg,bat,ImageNet
bat_0003.jpg,bat,ImageNet
bat_0004.jpg,bat,ImageNet
bat_0005.jpg,bat,ImageNet
bat_0006.jpg,bat,ImageNet
bat_0007.jpg,bat,ImageNet
bat_0008.jpg,bat,ImageNet
bat_0009.jpg,bat,ImageNet
bat_0010.jpg,bat,ImageNet
bat_0011.jpg,bat,ImageNet
bat_0012.jpg,bat,ImageNet
bat_0013.jpg,bat,ImageNet
bat_0014.jpg,bat,ImageNet
bat_0015.jpg,bat,ImageNet
bat_0016.jpg,bat,ImageNet
bat_0017.jpg,bat,ImageNet
bat_0018.jpg,bat,ImageNet
bat_0019.jpg,bat,ImageNet
bat_0020.jpg,bat,ImageNet
bat_0021.jpg,bat,ImageNet
bat_0022.jpg,bat,ImageNet
bat_0023.jpg,bat,ImageNet
bat_0024.jpg,bat,ImageNet
bat_0025.jpg,bat,ImageNet
bat_0026.jpg,bat,ImageNet
bat_0027.jpg,bat,ImageNet
bat_0028.jpg,bat,ImageNet
bat_0029.jpg,bat,ImageNet
bat_0030.jpg,bat,ImageNet
bat_0031.jpg,bat,ImageNet
bat_0032.jpg,bat,ImageNet
bat_0033.jpg,bat,ImageNet
bat_0034.jpg,bat,ImageNet
bat_0035.jpg,bat,ImageNet
bat_0036.jpg,bat,ImageNet
bat_0037.jpg,bat,ImageNet
bat_0038.jpg,bat,ImageNet
bat_0039.jpg,bat,ImageNet
bat_0040.jpg,bat,ImageNet
bat_0041.jpg,bat,ImageNet
bat_0042.jpg,bat,ImageNet
bat_0043.jpg,bat,ImageNet
bat_0044.jpg,bat,ImageNet
bat_0045.jpg,bat,ImageNet
bat_0046.jpg,bat,ImageNet
bat_0047.jpg,bat,ImageNet
bat_0048.jpg,bat,ImageNet
bat_0049.jpg,bat,ImageNet
bat_0050.jpg,bat,ImageNet
bat_0051.jpg,bat,ImageNet
bat_0052.jpg,bat,ImageNet
bat_0053.jpg,bat,ImageNet
bat_0054.jpg,bat,ImageNet
bat_0055.jpg,bat,ImageNet
bat_0056.jpg,bat,ImageNet
bat_0057.jpg,bat,ImageNet
bat_0058.jpg,bat,ImageNet
bat_0059.jpg,bat,ImageNet
bat_0060.jpg,bat,ImageNet
bat_0061.jpg,bat,ImageNet
bat_0062.jpg,bat,ImageNet
bat_0063.jpg,bat,ImageNet
bat_0064.jpg,bat,ImageNet
bat_0065.jpg,bat,ImageNet
bat_0066.jpg,bat,ImageNet
bat_0067.jpg,bat,ImageNet
bat_0068.jpg,bat,ImageNet
bat_0069.jpg,bat,ImageNet
binh_hoa_0000.jpg,binh_hoa,ImageNet
binh_hoa_0001.jpg,binh_hoa,ImageNet
binh_hoa_0002.jpg,binh_hoa,ImageNet
binh_hoa_0003.jpg,binh_hoa,ImageNet
binh_hoa_0004.jpg,binh_hoa,ImageNet
binh_hoa_0005.jpg,binh_hoa,ImageNet
binh_hoa_0006.jpg,binh_hoa,ImageNet
binh_hoa_0007.jpg,binh_hoa,ImageNet
binh_hoa_0008.jpg,binh_hoa,ImageNet
binh_hoa_0009.jpg,binh_hoa,ImageNet
binh_hoa_0010.jpg,binh_hoa,ImageNet
binh_hoa_0011.jpg,binh_hoa,ImageNet
binh_hoa_0012.jpg,binh_hoa,ImageNet
binh_hoa_0013.jpg,binh_hoa,ImageNet
binh_hoa_0014.jpg,binh_hoa,ImageNet
binh_hoa_0015.jpg,binh_hoa,ImageNet
binh_hoa_0016.jpg,binh_hoa,ImageNet
binh_hoa_0017.jpg,binh_hoa,ImageNet
binh_hoa_0018.jpg,binh_hoa,ImageNet
binh_hoa_0019.jpg,binh_hoa,ImageNet
binh_hoa_0020.jpg,binh_hoa,ImageNet
binh_hoa_0021.jpg,binh_hoa,ImageNet
binh_hoa_0022.jpg,binh_hoa,ImageNet
binh_hoa_0023.jpg,binh_hoa,ImageNet
binh_hoa_0024.jpg,binh_hoa,ImageNet
binh_hoa_0025.jpg,binh_hoa,ImageNet
binh_hoa_0026.jpg,binh_hoa,ImageNet
binh_hoa_0027.jpg,binh_hoa,ImageNet
binh_hoa_0028.jpg,binh_hoa,ImageNet
binh_hoa_0029.jpg,binh_hoa,ImageNet
binh_hoa_0030.jpg,binh_hoa,ImageNet
binh_hoa_0031.jpg,binh_hoa,ImageNet
binh_hoa_0032.jpg,binh_hoa,ImageNet
binh_hoa_0033.jpg,binh_hoa,ImageNet
binh_hoa_0034.jpg,binh_hoa,ImageNet
binh_hoa_0035.jpg,binh_hoa,ImageNet
binh_hoa_0036.jpg,binh_hoa,ImageNet
binh_hoa_0037.jpg,binh_hoa,ImageNet
binh_hoa_0038.jpg,binh_hoa,ImageNet
binh_hoa_0039.jpg,binh_hoa,ImageNet
binh_hoa_0040.jpg,binh_hoa,ImageNet
binh_hoa_0041.jpg,binh_hoa,ImageNet
binh_hoa_0042.jpg,binh_hoa,ImageNet
binh_hoa_0043.jpg,binh_hoa,ImageNet
binh_hoa_0044.jpg,binh_hoa,ImageNet
binh_hoa_0045.jpg,binh_hoa,ImageNet
binh_hoa_0046.jpg,binh_hoa,ImageNet
binh_hoa_0047.jpg,binh_hoa,ImageNet
binh_hoa_0048.jpg,binh_hoa,ImageNet
binh_hoa_0049.jpg,binh_hoa,ImageNet
binh_hoa_0050.jpg,binh_hoa,ImageNet
binh_hoa_0051.jpg,binh_hoa,ImageNet
binh_hoa_0052.jpg,binh_hoa,ImageNet
binh_hoa_0053.jpg,binh_hoa,ImageNet
binh_hoa_0054.jpg,binh_hoa,ImageNet
binh_hoa_0055.jpg,binh_hoa,ImageNet
binh_hoa_0056.jpg,binh_hoa,ImageNet
binh_hoa_0057.jpg,binh_hoa,ImageNet
binh_hoa_0058.jpg,binh_hoa,ImageNet
binh_hoa_0059.jpg,binh_hoa,ImageNet
binh_hoa_0060.jpg,binh_hoa,ImageNet
binh_hoa_0061.jpg,binh_hoa,ImageNet
binh_nuoc_0000.jpg,binh_nuoc,ImageNet
binh_nuoc_0001.jpg,binh_nuoc,ImageNet
binh_nuoc_0002.jpg,binh_nuoc,ImageNet
binh_nuoc_0003.jpg,binh_nuoc,ImageNet
binh_nuoc_0004.jpg,binh_nuoc,ImageNet
binh_nuoc_0005.jpg,binh_nuoc,ImageNet
binh_nuoc_0006.jpg,binh_nuoc,ImageNet
binh_nuoc_0007.jpg,binh_nuoc,ImageNet
binh_nuoc_0008.jpg,binh_nuoc,ImageNet
binh_nuoc_0009.jpg,binh_nuoc,ImageNet
binh_nuoc_0010.jpg,binh_nuoc,ImageNet
binh_nuoc_0011.jpg,binh_nuoc,ImageNet
binh_nuoc_0012.jpg,binh_nuoc,ImageNet
binh_nuoc_0013.jpg,binh_nuoc,ImageNet
binh_nuoc_0014.jpg,binh_nuoc,ImageNet
binh_nuoc_0015.jpg,binh_nuoc,ImageNet
binh_nuoc_0016.jpg,binh_nuoc,ImageNet
binh_nuoc_0017.jpg,binh_nuoc,ImageNet
binh_nuoc_0018.jpg,binh_nuoc,ImageNet
binh_nuoc_0019.jpg,binh_nuoc,ImageNet
binh_nuoc_0020.jpg,binh_nuoc,ImageNet
binh_nuoc_0021.jpg,binh_nuoc,ImageNet
binh_nuoc_0022.jpg,binh_nuoc,ImageNet
binh_nuoc_0023.jpg,binh_nuoc,ImageNet
binh_nuoc_0024.jpg,binh_nuoc,ImageNet
binh_nuoc_0025.jpg,binh_nuoc,ImageNet
binh_nuoc_0026.jpg,binh_nuoc,ImageNet
binh_nuoc_0027.jpg,binh_nuoc,ImageNet
binh_nuoc_0028.jpg,binh_nuoc,ImageNet
binh_nuoc_0029.jpg,binh_nuoc,ImageNet
binh_nuoc_0030.jpg,binh_nuoc,ImageNet
binh_nuoc_0031.jpg,binh_nuoc,ImageNet
binh_nuoc_0032.jpg,binh_nuoc,ImageNet
binh_nuoc_0033.jpg,binh_nuoc,ImageNet
binh_nuoc_0034.jpg,binh_nuoc,ImageNet
binh_nuoc_0035.jpg,binh_nuoc,ImageNet
binh_nuoc_0036.jpg,binh_nuoc,ImageNet
binh_nuoc_0037.jpg,binh_nuoc,ImageNet
binh_nuoc_0038.jpg,binh_nuoc,ImageNet
binh_nuoc_0039.jpg,binh_nuoc,ImageNet
binh_nuoc_0040.jpg,binh_nuoc,ImageNet
binh_nuoc_0041.jpg,binh_nuoc,ImageNet
binh_nuoc_0042.jpg,binh_nuoc,ImageNet
binh_nuoc_0043.jpg,binh_nuoc,ImageNet
binh_nuoc_0044.jpg,binh_nuoc,ImageNet
binh_nuoc_0045.jpg,binh_nuoc,ImageNet
binh_nuoc_0046.jpg,binh_nuoc,ImageNet
binh_nuoc_0047.jpg,binh_nuoc,ImageNet
binh_nuoc_0048.jpg,binh_nuoc,ImageNet
binh_nuoc_0049.jpg,binh_nuoc,ImageNet
binh_nuoc_0050.jpg,binh_nuoc,ImageNet
binh_nuoc_0051.jpg,binh_nuoc,ImageNet
binh_nuoc_0052.jpg,binh_nuoc,ImageNet
binh_nuoc_0053.jpg,binh_nuoc,ImageNet
binh_nuoc_0054.jpg,binh_nuoc,ImageNet
binh_nuoc_0055.jpg,binh_nuoc,ImageNet
binh_nuoc_0056.jpg,binh_nuoc,ImageNet
binh_nuoc_0057.jpg,binh_nuoc,ImageNet
binh_nuoc_0058.jpg,binh_nuoc,ImageNet
binh_nuoc_0059.jpg,binh_nuoc,ImageNet
binh_nuoc_0060.jpg,binh_nuoc,ImageNet
binh_nuoc_0061.jpg,binh_nuoc,ImageNet
binh_nuoc_0062.jpg,binh_nuoc,ImageNet
binh_nuoc_0063.jpg,binh_nuoc,ImageNet
binh_nuoc_0064.jpg,binh_nuoc,ImageNet
binh_nuoc_0065.jpg,binh_nuoc,ImageNet
binh_nuoc_0066.jpg,binh_nuoc,ImageNet
binh_nuoc_0067.jpg,binh_nuoc,ImageNet
binh_nuoc_0068.jpg,binh_nuoc,ImageNet
binh_nuoc_0069.jpg,binh_nuoc,ImageNet
binh_nuoc_0070.jpg,binh_nuoc,ImageNet
binh_nuoc_0071.jpg,binh_nuoc,ImageNet
binh_nuoc_0072.jpg,binh_nuoc,ImageNet
binh_nuoc_0073.jpg,binh_nuoc,ImageNet
binh_nuoc_0074.jpg,binh_nuoc,ImageNet
binh_nuoc_0075.jpg,binh_nuoc,ImageNet
binh_nuoc_0076.jpg,binh_nuoc,ImageNet
binh_nuoc_0077.jpg,binh_nuoc,ImageNet
binh_nuoc_0078.jpg,binh_nuoc,ImageNet
binh_nuoc_0079.jpg,binh_nuoc,ImageNet
binh_nuoc_0080.jpg,binh_nuoc,ImageNet
binh_nuoc_0081.jpg,binh_nuoc,ImageNet
binh_nuoc_0082.jpg,binh_nuoc,ImageNet
binh_nuoc_0083.jpg,binh_nuoc,ImageNet
binh_nuoc_0084.jpg,binh_nuoc,ImageNet
binh_nuoc_0085.jpg,binh_nuoc,ImageNet
chai_0000.jpg,chai,ImageNet
chai_0001.jpg,chai,ImageNet
chai_0002.jpg,chai,ImageNet
chai_0003.jpg,chai,ImageNet
chai_0004.jpg,chai,ImageNet
chai_0005.jpg,chai,ImageNet
chai_0006.jpg,chai,ImageNet
chai_0007.jpg,chai,ImageNet
chai_0008.jpg,chai,ImageNet
chai_0009.jpg,chai,ImageNet
chai_0010.jpg,chai,ImageNet
chai_0011.jpg,chai,ImageNet
chai_0012.jpg,chai,ImageNet
chai_0013.jpg,chai,ImageNet
chai_0014.jpg,chai,ImageNet
chai_0015.jpg,chai,ImageNet
chai_0016.jpg,chai,ImageNet
chai_0017.jpg,chai,ImageNet
chai_0018.jpg,chai,ImageNet
chai_0019.jpg,chai,ImageNet
chai_0020.jpg,chai,ImageNet
chai_0021.jpg,chai,ImageNet
chai_0022.jpg,chai,ImageNet
chai_0023.jpg,chai,ImageNet
chai_0024.jpg,chai,ImageNet
chai_0025.jpg,chai,ImageNet
chai_0026.jpg,chai,ImageNet
chai_0027.jpg,chai,ImageNet
chai_0028.jpg,chai,ImageNet
chai_0029.jpg,chai,ImageNet
chai_0030.jpg,chai,ImageNet
chai_0031.jpg,chai,ImageNet
chai_0032.jpg,chai,ImageNet
chai_0033.jpg,chai,ImageNet
chai_0034.jpg,chai,ImageNet
chai_0035.jpg,chai,ImageNet
chai_0036.jpg,chai,ImageNet
chai_0037.jpg,chai,ImageNet
chai_0038.jpg,chai,ImageNet
chai_0039.jpg,chai,ImageNet
chai_0040.jpg,chai,ImageNet
chai_0041.jpg,chai,ImageNet
chai_0042.jpg,chai,ImageNet
chai_0043.jpg,chai,ImageNet
chai_0044.jpg,chai,ImageNet
chai_0045.jpg,chai,ImageNet
chai_0046.jpg,chai,ImageNet
chai_0047.jpg,chai,ImageNet
chai_0048.jpg,chai,ImageNet
chai_0049.jpg,chai,ImageNet
chai_0050.jpg,chai,ImageNet
chai_0051.jpg,chai,ImageNet
chai_0052.jpg,chai,ImageNet
chai_0053.jpg,chai,ImageNet
chai_0054.jpg,chai,ImageNet
chai_0055.jpg,chai,ImageNet
chai_0056.jpg,chai,ImageNet
chai_0057.jpg,chai,ImageNet
chai_0058.jpg,chai,ImageNet
chai_0059.jpg,chai,ImageNet
chai_0060.jpg,chai,ImageNet
chai_0061.jpg,chai,ImageNet
chai_0062.jpg,chai,ImageNet
chai_0063.jpg,chai,ImageNet
chai_0064.jpg,chai,ImageNet
chai_0065.jpg,chai,ImageNet
chai_0066.jpg,chai,ImageNet
chai_0067.jpg,chai,ImageNet
chai_0068.jpg,chai,ImageNet
chai_0069.jpg,chai,ImageNet
chai_0070.jpg,chai,ImageNet
chai_0071.jpg,chai,ImageNet
chai_0072.jpg,chai,ImageNet
chai_0073.jpg,chai,ImageNet
chai_0074.jpg,chai,ImageNet
chai_0075.jpg,chai,ImageNet
chai_0076.jpg,chai,ImageNet
chao_0000.jpg,chao,ImageNet
chao_0001.jpg,chao,ImageNet
chao_0002.jpg,chao,ImageNet
chao_0003.jpg,chao,ImageNet
chao_0004.jpg,chao,ImageNet
chao_0005.jpg,chao,ImageNet
chao_0006.jpg,chao,ImageNet
chao_0007.jpg,chao,ImageNet
chao_0008.jpg,chao,ImageNet
chao_0009.jpg,chao,ImageNet
chao_0010.jpg,chao,ImageNet
chao_0011.jpg,chao,ImageNet
chao_0012.jpg,chao,ImageNet
chao_0013.jpg,chao,ImageNet
chao_0014.jpg,chao,ImageNet
chao_0015.jpg,chao,ImageNet
chao_0016.jpg,chao,ImageNet
chao_0017.jpg,chao,ImageNet
chao_0018.jpg,chao,ImageNet
chao_0019.jpg,chao,ImageNet
chao_0020.jpg,chao,ImageNet
chao_0021.jpg,chao,ImageNet
chao_0022.jpg,chao,ImageNet
chao_0023.jpg,chao,ImageNet
chao_0024.jpg,chao,ImageNet
chao_0025.jpg,chao,ImageNet
chao_0026.jpg,chao,ImageNet
chao_0027.jpg,chao,ImageNet
chao_0028.jpg,chao,ImageNet
chao_0029.jpg,chao,ImageNet
chao_0030.jpg,chao,ImageNet
chao_0031.jpg,chao,ImageNet
chao_0032.jpg,chao,ImageNet
chao_0033.jpg,chao,ImageNet
chao_0034.jpg,chao,ImageNet
chao_0035.jpg,chao,ImageNet
chao_0036.jpg,chao,ImageNet
chao_0037.jpg,chao,ImageNet
chao_0038.jpg,chao,ImageNet
chao_0039.jpg,chao,ImageNet
chao_0040.jpg,chao,ImageNet
chao_0041.jpg,chao,ImageNet
chao_0042.jpg,chao,ImageNet
chao_0043.jpg,chao,ImageNet
chao_0044.jpg,chao,ImageNet
chao_0045.jpg,chao,ImageNet
chao_0046.jpg,chao,ImageNet
chao_0047.jpg,chao,ImageNet
chao_0048.jpg,chao,ImageNet
choi_0000.jpg,choi,ImageNet
choi_0001.jpg,choi,ImageNet
choi_0002.jpg,choi,ImageNet
choi_0003.jpg,choi,ImageNet
choi_0004.jpg,choi,ImageNet
choi_0005.jpg,choi,ImageNet
choi_0006.jpg,choi,ImageNet
choi_0007.jpg,choi,ImageNet
choi_0008.jpg,choi,ImageNet
choi_0009.jpg,choi,ImageNet
choi_0010.jpg,choi,ImageNet
choi_0011.jpg,choi,ImageNet
choi_0012.jpg,choi,ImageNet
choi_0013.jpg,choi,ImageNet
choi_0014.jpg,choi,ImageNet
choi_0015.jpg,choi,ImageNet
choi_0016.jpg,choi,ImageNet
choi_0017.jpg,choi,ImageNet
choi_0018.jpg,choi,ImageNet
choi_0019.jpg,choi,ImageNet
choi_0020.jpg,choi,ImageNet
choi_0021.jpg,choi,ImageNet
choi_0022.jpg,choi,ImageNet
choi_0023.jpg,choi,ImageNet
choi_0024.jpg,choi,ImageNet
choi_0025.jpg,choi,ImageNet
choi_0026.jpg,choi,ImageNet
choi_0027.jpg,choi,ImageNet
choi_0028.jpg,choi,ImageNet
choi_0029.jpg,choi,ImageNet
choi_0030.jpg,choi,ImageNet
choi_0031.jpg,choi,ImageNet
choi_0032.jpg,choi,ImageNet
choi_0033.jpg,choi,ImageNet
choi_0034.jpg,choi,ImageNet
choi_0035.jpg,choi,ImageNet
choi_0036.jpg,choi,ImageNet
choi_0037.jpg,choi,ImageNet
choi_0038.jpg,choi,ImageNet
choi_0039.jpg,choi,ImageNet
choi_0040.jpg,choi,ImageNet
choi_0041.jpg,choi,ImageNet
choi_0042.jpg,choi,ImageNet
choi_0043.jpg,choi,ImageNet
choi_0044.jpg,choi,ImageNet
choi_0045.jpg,choi,ImageNet
choi_0046.jpg,choi,ImageNet
choi_0047.jpg,choi,ImageNet
choi_0048.jpg,choi,ImageNet
choi_0049.jpg,choi,ImageNet
choi_0050.jpg,choi,ImageNet
choi_0051.jpg,choi,ImageNet
choi_0052.jpg,choi,ImageNet
choi_0053.jpg,choi,ImageNet
choi_0054.jpg,choi,ImageNet
choi_0055.jpg,choi,ImageNet
choi_0056.jpg,choi,ImageNet
choi_0057.jpg,choi,ImageNet
choi_0058.jpg,choi,ImageNet
choi_0059.jpg,choi,ImageNet
choi_0060.jpg,choi,ImageNet
choi_0061.jpg,choi,ImageNet
choi_0062.jpg,choi,ImageNet
choi_0063.jpg,choi,ImageNet
choi_0064.jpg,choi,ImageNet
choi_0065.jpg,choi,ImageNet
choi_0066.jpg,choi,ImageNet
choi_0067.jpg,choi,ImageNet
choi_0068.jpg,choi,ImageNet
choi_0069.jpg,choi,ImageNet
choi_0070.jpg,choi,ImageNet
choi_0071.jpg,choi,ImageNet
choi_0072.jpg,choi,ImageNet
choi_0073.jpg,choi,ImageNet
choi_0074.jpg,choi,ImageNet
choi_0075.jpg,choi,ImageNet
choi_0076.jpg,choi,ImageNet
choi_0077.jpg,choi,ImageNet
choi_0078.jpg,choi,ImageNet
choi_0079.jpg,choi,ImageNet
choi_0080.jpg,choi,ImageNet
choi_0081.jpg,choi,ImageNet
choi_0082.jpg,choi,ImageNet
choi_0083.jpg,choi,ImageNet
choi_0084.jpg,choi,ImageNet
choi_0085.jpg,choi,ImageNet
choi_0086.jpg,choi,ImageNet
choi_0087.jpg,choi,ImageNet
choi_0088.jpg,choi,ImageNet
choi_0089.jpg,choi,ImageNet
choi_0090.jpg,choi,ImageNet
choi_0091.jpg,choi,ImageNet
choi_0092.jpg,choi,ImageNet
coc_0000.jpg,coc,ImageNet
coc_0001.jpg,coc,ImageNet
coc_0002.jpg,coc,ImageNet
coc_0003.jpg,coc,ImageNet
coc_0004.jpg,coc,ImageNet
coc_0005.jpg,coc,ImageNet
coc_0006.jpg,coc,ImageNet
coc_0007.jpg,coc,ImageNet
coc_0008.jpg,coc,ImageNet
coc_0009.jpg,coc,ImageNet
coc_0010.jpg,coc,ImageNet
coc_0011.jpg,coc,ImageNet
coc_0012.jpg,coc,ImageNet
coc_0013.jpg,coc,ImageNet
coc_0014.jpg,coc,ImageNet
coc_0015.jpg,coc,ImageNet
coc_0016.jpg,coc,ImageNet
coc_0017.jpg,coc,ImageNet
coc_0018.jpg,coc,ImageNet
coc_0019.jpg,coc,ImageNet
coc_0020.jpg,coc,ImageNet
coc_0021.jpg,coc,ImageNet
coc_0022.jpg,coc,ImageNet
coc_0023.jpg,coc,ImageNet
coc_0024.jpg,coc,ImageNet
coc_0025.jpg,coc,ImageNet
coc_0026.jpg,coc,ImageNet
coc_0027.jpg,coc,ImageNet
coc_0028.jpg,coc,ImageNet
coc_0029.jpg,coc,ImageNet
coc_0030.jpg,coc,ImageNet
coc_0031.jpg,coc,ImageNet
coc_0032.jpg,coc,ImageNet
coc_0033.jpg,coc,ImageNet
coc_0034.jpg,coc,ImageNet
coc_0035.jpg,coc,ImageNet
coc_0036.jpg,coc,ImageNet
coc_0037.jpg,coc,ImageNet
coc_0038.jpg,coc,ImageNet
coc_0039.jpg,coc,ImageNet
coc_0040.jpg,coc,ImageNet
coc_0041.jpg,coc,ImageNet
coc_0042.jpg,coc,ImageNet
coc_0043.jpg,coc,ImageNet
coc_0044.jpg,coc,ImageNet
coc_0045.jpg,coc,ImageNet
coc_0046.jpg,coc,ImageNet
coc_0047.jpg,coc,ImageNet
coc_0048.jpg,coc,ImageNet
coc_0049.jpg,coc,ImageNet
coc_0050.jpg,coc,ImageNet
coc_0051.jpg,coc,ImageNet
coc_0052.jpg,coc,ImageNet
coc_0053.jpg,coc,ImageNet
coc_0054.jpg,coc,ImageNet
coc_0055.jpg,coc,ImageNet
coc_0056.jpg,coc,ImageNet
coc_0057.jpg,coc,ImageNet
coc_0058.jpg,coc,ImageNet
coc_0059.jpg,coc,ImageNet
coc_0060.jpg,coc,ImageNet
coc_0061.jpg,coc,ImageNet
coc_0062.jpg,coc,ImageNet
coc_0063.jpg,coc,ImageNet
coc_0064.jpg,coc,ImageNet
coc_0065.jpg,coc,ImageNet
coc_0066.jpg,coc,ImageNet
coc_0067.jpg,coc,ImageNet
coc_0068.jpg,coc,ImageNet
coc_0069.jpg,coc,ImageNet
coc_0070.jpg,coc,ImageNet
den_0000.jpg,den,ImageNet
den_0001.jpg,den,ImageNet
den_0002.jpg,den,ImageNet
den_0003.jpg,den,ImageNet
den_0004.jpg,den,ImageNet
den_0005.jpg,den,ImageNet
den_0006.jpg,den,ImageNet
den_0007.jpg,den,ImageNet
den_0008.jpg,den,ImageNet
den_0009.jpg,den,ImageNet
den_0010.jpg,den,ImageNet
den_0011.jpg,den,ImageNet
den_0012.jpg,den,ImageNet
den_0013.jpg,den,ImageNet
den_0014.jpg,den,ImageNet
den_0015.jpg,den,ImageNet
den_0016.jpg,den,ImageNet
den_0017.jpg,den,ImageNet
den_0018.jpg,den,ImageNet
den_0019.jpg,den,ImageNet
den_0020.jpg,den,ImageNet
den_0021.jpg,den,ImageNet
den_0022.jpg,den,ImageNet
den_0023.jpg,den,ImageNet
den_0024.jpg,den,ImageNet
den_0025.jpg,den,ImageNet
den_0026.jpg,den,ImageNet
den_0027.jpg,den,ImageNet
den_0028.jpg,den,ImageNet
den_0029.jpg,den,ImageNet
den_0030.jpg,den,ImageNet
den_0031.jpg,den,ImageNet
den_0032.jpg,den,ImageNet
den_0033.jpg,den,ImageNet
den_0034.jpg,den,ImageNet
den_0035.jpg,den,ImageNet
den_0036.jpg,den,ImageNet
den_0037.jpg,den,ImageNet
den_0038.jpg,den,ImageNet
den_0039.jpg,den,ImageNet
den_0040.jpg,den,ImageNet
den_0041.jpg,den,ImageNet
den_0042.jpg,den,ImageNet
den_0043.jpg,den,ImageNet
den_0044.jpg,den,ImageNet
den_0045.jpg,den,ImageNet
den_0046.jpg,den,ImageNet
den_0047.jpg,den,ImageNet
den_0048.jpg,den,ImageNet
den_0049.jpg,den,ImageNet
den_0050.jpg,den,ImageNet
den_0051.jpg,den,ImageNet
den_0052.jpg,den,ImageNet
den_0053.jpg,den,ImageNet
den_0054.jpg,den,ImageNet
den_0055.jpg,den,ImageNet
den_0056.jpg,den,ImageNet
den_0057.jpg,den,ImageNet
den_0058.jpg,den,ImageNet
den_0059.jpg,den,ImageNet
den_0060.jpg,den,ImageNet
den_0061.jpg,den,ImageNet
den_0062.jpg,den,ImageNet
den_0063.jpg,den,ImageNet
den_0064.jpg,den,ImageNet
den_0065.jpg,den,ImageNet
den_0066.jpg,den,ImageNet
den_0067.jpg,den,ImageNet
den_0068.jpg,den,ImageNet
den_0069.jpg,den,ImageNet
den_0070.jpg,den,ImageNet
den_0071.jpg,den,ImageNet
den_0072.jpg,den,ImageNet
den_0073.jpg,den,ImageNet
den_0074.jpg,den,ImageNet
den_0075.jpg,den,ImageNet
den_0076.jpg,den,ImageNet
den_0077.jpg,den,ImageNet
den_0078.jpg,den,ImageNet
den_0079.jpg,den,ImageNet
den_0080.jpg,den,ImageNet
den_0081.jpg,den,ImageNet
den_0082.jpg,den,ImageNet
den_0083.jpg,den,ImageNet
den_0084.jpg,den,ImageNet
den_0085.jpg,den,ImageNet
den_0086.jpg,den,ImageNet
den_0087.jpg,den,ImageNet
den_0088.jpg,den,ImageNet
den_0089.jpg,den,ImageNet
den_0090.jpg,den,ImageNet
den_0091.jpg,den,ImageNet
den_0092.jpg,den,ImageNet
den_0093.jpg,den,ImageNet
den_0094.jpg,den,ImageNet
den_0095.jpg,den,ImageNet
den_0096.jpg,den,ImageNet
den_0097.jpg,den,ImageNet
den_0098.jpg,den,ImageNet
den_0099.jpg,den,ImageNet
den_0100.jpg,den,ImageNet
den_0101.jpg,den,ImageNet
den_0102.jpg,den,ImageNet
den_0103.jpg,den,ImageNet
den_0104.jpg,den,ImageNet
den_0105.jpg,den,ImageNet
den_0106.jpg,den,ImageNet
den_0107.jpg,den,ImageNet
den_0108.jpg,den,ImageNet
den_0109.jpg,den,ImageNet
den_0110.jpg,den,ImageNet
den_0111.jpg,den,ImageNet
den_0112.jpg,den,ImageNet
den_0113.jpg,den,ImageNet
do_choi_o_to_0000.jpg,do_choi_o_to,ImageNet
do_choi_o_to_0001.jpg,do_choi_o_to,ImageNet
do_choi_o_to_0002.jpg,do_choi_o_to,ImageNet
do_choi_o_to_0003.jpg,do_choi_o_to,ImageNet
do_choi_o_to_0004.jpg,do_choi_o_to,ImageNet
do_choi_o_to_0005.jpg,do_choi_o_to,ImageNet
do_choi_o_to_0006.jpg,do_choi_o_to,ImageNet
do_choi_o_to_0007.jpg,do_choi_o_to,ImageNet
do_choi_o_to_0008.jpg,do_choi_o_to,ImageNet
do_choi_o_to_0009.jpg,do_choi_o_to,ImageNet
do_choi_o_to_0010.jpg,do_choi_o_to,ImageNet
do_choi_o_to_0011.jpg,do_choi_o_to,ImageNet
do_choi_o_to_0012.jpg,do_choi_o_to,ImageNet
do_choi_o_to_0013.jpg,do_choi_o_to,ImageNet
do_choi_o_to_0014.jpg,do_choi_o_to,ImageNet
do_choi_o_to_0015.jpg,do_choi_o_to,ImageNet
do_choi_o_to_0016.jpg,do_choi_o_to,ImageNet
do_choi_o_to_0017.jpg,do_choi_o_to,ImageNet
do_choi_o_to_0018.jpg,do_choi_o_to,ImageNet
do_choi_o_to_0019.jpg,do_choi_o_to,ImageNet
do_choi_o_to_0020.jpg,do_choi_o_to,ImageNet
do_choi_o_to_0021.jpg,do_choi_o_to,ImageNet
do_choi_o_to_0022.jpg,do_choi_o_to,ImageNet
do_choi_o_to_0023.jpg,do_choi_o_to,ImageNet
do_choi_o_to_0024.jpg,do_choi_o_to,ImageNet
do_choi_o_to_0025.jpg,do_choi_o_to,ImageNet
do_choi_o_to_0026.jpg,do_choi_o_to,ImageNet
do_choi_o_to_0027.jpg,do_choi_o_to,ImageNet
do_choi_o_to_0028.jpg,do_choi_o_to,ImageNet
do_choi_o_to_0029.jpg,do_choi_o_to,ImageNet
do_choi_o_to_0030.jpg,do_choi_o_to,ImageNet
do_choi_o_to_0031.jpg,do_choi_o_to,ImageNet
do_choi_o_to_0032.jpg,do_choi_o_to,ImageNet
do_choi_o_to_0033.jpg,do_choi_o_to,ImageNet
do_choi_o_to_0034.jpg,do_choi_o_to,ImageNet
do_choi_o_to_0035.jpg,do_choi_o_to,ImageNet
do_choi_o_to_0036.jpg,do_choi_o_to,ImageNet
dong_ho_0000.jpg,dong_ho,ImageNet
dong_ho_0001.jpg,dong_ho,ImageNet
dong_ho_0002.jpg,dong_ho,ImageNet
dong_ho_0003.jpg,dong_ho,ImageNet
dong_ho_0004.jpg,dong_ho,ImageNet
dong_ho_0005.jpg,dong_ho,ImageNet
dong_ho_0006.jpg,dong_ho,ImageNet
dong_ho_0007.jpg,dong_ho,ImageNet
dong_ho_0008.jpg,dong_ho,ImageNet
dong_ho_0009.jpg,dong_ho,ImageNet
dong_ho_0010.jpg,dong_ho,ImageNet
dong_ho_0011.jpg,dong_ho,ImageNet
dong_ho_0012.jpg,dong_ho,ImageNet
dong_ho_0013.jpg,dong_ho,ImageNet
dong_ho_0014.jpg,dong_ho,ImageNet
dong_ho_0015.jpg,dong_ho,ImageNet
dong_ho_0016.jpg,dong_ho,ImageNet
dong_ho_0017.jpg,dong_ho,ImageNet
dong_ho_0018.jpg,dong_ho,ImageNet
dong_ho_0019.jpg,dong_ho,ImageNet
dong_ho_0020.jpg,dong_ho,ImageNet
dong_ho_0021.jpg,dong_ho,ImageNet
dong_ho_0022.jpg,dong_ho,ImageNet
dong_ho_0023.jpg,dong_ho,ImageNet
dong_ho_0024.jpg,dong_ho,ImageNet
dong_ho_0025.jpg,dong_ho,ImageNet
dong_ho_0026.jpg,dong_ho,ImageNet
dong_ho_0027.jpg,dong_ho,ImageNet
dong_ho_0028.jpg,dong_ho,ImageNet
dong_ho_0029.jpg,dong_ho,ImageNet
dong_ho_0030.jpg,dong_ho,ImageNet
dong_ho_0031.jpg,dong_ho,ImageNet
dong_ho_0032.jpg,dong_ho,ImageNet
dong_ho_0033.jpg,dong_ho,ImageNet
dong_ho_0034.jpg,dong_ho,ImageNet
dong_ho_0035.jpg,dong_ho,ImageNet
dong_ho_0036.jpg,dong_ho,ImageNet
dong_ho_0037.jpg,dong_ho,ImageNet
dong_ho_0038.jpg,dong_ho,ImageNet
dong_ho_0039.jpg,dong_ho,ImageNet
dong_ho_0040.jpg,dong_ho,ImageNet
dong_ho_0041.jpg,dong_ho,ImageNet
dong_ho_0042.jpg,dong_ho,ImageNet
dong_ho_0043.jpg,dong_ho,ImageNet
dong_ho_0044.jpg,dong_ho,ImageNet
ghe_0000.jpg,ghe,ImageNet
ghe_0001.jpg,ghe,ImageNet
ghe_0002.jpg,ghe,ImageNet
ghe_0003.jpg,ghe,ImageNet
ghe_0004.jpg,ghe,ImageNet
ghe_0005.jpg,ghe,ImageNet
ghe_0006.jpg,ghe,ImageNet
ghe_0007.jpg,ghe,ImageNet
ghe_0008.jpg,ghe,ImageNet
ghe_0009.jpg,ghe,ImageNet
ghe_0010.jpg,ghe,ImageNet
ghe_0011.jpg,ghe,ImageNet
ghe_0012.jpg,ghe,ImageNet
ghe_0013.jpg,ghe,ImageNet
ghe_0014.jpg,ghe,ImageNet
ghe_0015.jpg,ghe,ImageNet
ghe_0016.jpg,ghe,ImageNet
ghe_0017.jpg,ghe,ImageNet
ghe_0018.jpg,ghe,ImageNet
ghe_0019.jpg,ghe,ImageNet
ghe_0020.jpg,ghe,ImageNet
ghe_0021.jpg,ghe,ImageNet
ghe_0022.jpg,ghe,ImageNet
ghe_0023.jpg,ghe,ImageNet
ghe_0024.jpg,ghe,ImageNet
ghe_0025.jpg,ghe,ImageNet
ghe_0026.jpg,ghe,ImageNet
ghe_0027.jpg,ghe,ImageNet
ghe_0028.jpg,ghe,ImageNet
ghe_0029.jpg,ghe,ImageNet
ghe_0030.jpg,ghe,ImageNet
ghe_0031.jpg,ghe,ImageNet
ghe_0032.jpg,ghe,ImageNet
ghe_0033.jpg,ghe,ImageNet
ghe_0034.jpg,ghe,ImageNet
ghe_0035.jpg,ghe,ImageNet
ghe_0036.jpg,ghe,ImageNet
ghe_0037.jpg,ghe,ImageNet
ghe_0038.jpg,ghe,ImageNet
ghe_0039.jpg,ghe,ImageNet
ghe_0040.jpg,ghe,ImageNet
ghe_0041.jpg,ghe,ImageNet
ghe_0042.jpg,ghe,ImageNet
ghe_0043.jpg,ghe,ImageNet
ghe_0044.jpg,ghe,ImageNet
ghe_0045.jpg,ghe,ImageNet
ghe_0046.jpg,ghe,ImageNet
ghe_0047.jpg,ghe,ImageNet
ghe_0048.jpg,ghe,ImageNet
ghe_0049.jpg,ghe,ImageNet
ghe_0050.jpg,ghe,ImageNet
ghe_0051.jpg,ghe,ImageNet
ghe_0052.jpg,ghe,ImageNet
ghe_0053.jpg,ghe,ImageNet
ghe_0054.jpg,ghe,ImageNet
ghe_0055.jpg,ghe,ImageNet
ghe_0056.jpg,ghe,ImageNet
ghe_0057.jpg,ghe,ImageNet
ghe_0058.jpg,ghe,ImageNet
ghe_0059.jpg,ghe,ImageNet
ghe_0060.jpg,ghe,ImageNet
ghe_0061.jpg,ghe,ImageNet
ghe_0062.jpg,ghe,ImageNet
giay_0000.jpg,giay,Kaggle
giay_0001.jpg,giay,Kaggle
giay_0002.jpg,giay,Kaggle
giay_0003.jpg,giay,Kaggle
giay_0004.jpg,giay,Kaggle
giay_0005.jpg,giay,Kaggle
giay_0006.jpg,giay,Kaggle
giay_0007.jpg,giay,Kaggle
giay_0008.jpg,giay,Kaggle
giay_0009.jpg,giay,Kaggle
giay_0010.jpg,giay,Kaggle
giay_0011.jpg,giay,Kaggle
giay_0012.jpg,giay,Kaggle
giay_0013.jpg,giay,Kaggle
giay_0014.jpg,giay,Kaggle
giay_0015.jpg,giay,Kaggle
giay_0016.jpg,giay,Kaggle
giay_0017.jpg,giay,Kaggle
giay_0018.jpg,giay,Kaggle
giay_0019.jpg,giay,Kaggle
giay_0020.jpg,giay,Kaggle
giay_0021.jpg,giay,Kaggle
giay_0022.jpg,giay,Kaggle
giay_0023.jpg,giay,Kaggle
giay_0024.jpg,giay,Kaggle
giay_0025.jpg,giay,Kaggle
giay_0026.jpg,giay,Kaggle
giay_0027.jpg,giay,Kaggle
giay_0028.jpg,giay,Kaggle
giay_0029.jpg,giay,Kaggle
giay_0030.jpg,giay,Kaggle
giay_0031.jpg,giay,Kaggle
giay_0032.jpg,giay,Kaggle
giay_0033.jpg,giay,Kaggle
giay_0034.jpg,giay,Kaggle
giay_0035.jpg,giay,Kaggle
giay_0036.jpg,giay,Kaggle
giay_0037.jpg,giay,Kaggle
giay_0038.jpg,giay,Kaggle
giay_0039.jpg,giay,Kaggle
giay_0040.jpg,giay,Kaggle
giay_0041.jpg,giay,Kaggle
giay_0042.jpg,giay,Kaggle
giay_0043.jpg,giay,Kaggle
giay_0044.jpg,giay,Kaggle
giay_0045.jpg,giay,Kaggle
giay_0046.jpg,giay,Kaggle
giay_0047.jpg,giay,Kaggle
giay_0048.jpg,giay,Kaggle
giay_0049.jpg,giay,Kaggle
giay_0050.jpg,giay,Kaggle
giay_0051.jpg,giay,Kaggle
giay_0052.jpg,giay,Kaggle
giay_0053.jpg,giay,Kaggle
giay_0054.jpg,giay,Kaggle
giay_0055.jpg,giay,Kaggle
giay_0056.jpg,giay,Kaggle
giay_0057.jpg,giay,Kaggle
giay_0058.jpg,giay,Kaggle
giay_0059.jpg,giay,Kaggle
giay_0060.jpg,giay,Kaggle
giay_0061.jpg,giay,Kaggle
giay_0062.jpg,giay,Kaggle
giay_0063.jpg,giay,Kaggle
giay_0064.jpg,giay,Kaggle
giay_0065.jpg,giay,Kaggle
giay_0066.jpg,giay,Kaggle
giay_0067.jpg,giay,Kaggle
giay_0068.jpg,giay,Kaggle
giay_0069.jpg,giay,Kaggle
giay_0070.jpg,giay,Kaggle
giay_0071.jpg,giay,Kaggle
giay_0072.jpg,giay,Kaggle
giay_0073.jpg,giay,Kaggle
giay_0074.jpg,giay,Kaggle
giay_0075.jpg,giay,Kaggle
giay_0076.jpg,giay,Kaggle
giay_0077.jpg,giay,Kaggle
giay_0078.jpg,giay,Kaggle
giay_0079.jpg,giay,Kaggle
giay_0080.jpg,giay,Kaggle
giay_0081.jpg,giay,Kaggle
giay_0082.jpg,giay,Kaggle
giay_0083.jpg,giay,Kaggle
giay_0084.jpg,giay,Kaggle
giay_0085.jpg,giay,Kaggle
giay_0086.jpg,giay,Kaggle
giay_0087.jpg,giay,Kaggle
kinh_mat_0000.jpg,kinh_mat,ImageNet
kinh_mat_0001.jpg,kinh_mat,ImageNet
kinh_mat_0002.jpg,kinh_mat,ImageNet
kinh_mat_0003.jpg,kinh_mat,ImageNet
kinh_mat_0004.jpg,kinh_mat,ImageNet
kinh_mat_0005.jpg,kinh_mat,ImageNet
kinh_mat_0006.jpg,kinh_mat,ImageNet
kinh_mat_0007.jpg,kinh_mat,ImageNet
kinh_mat_0008.jpg,kinh_mat,ImageNet
kinh_mat_0009.jpg,kinh_mat,ImageNet
kinh_mat_0010.jpg,kinh_mat,ImageNet
kinh_mat_0011.jpg,kinh_mat,ImageNet
kinh_mat_0012.jpg,kinh_mat,ImageNet
kinh_mat_0013.jpg,kinh_mat,ImageNet
kinh_mat_0014.jpg,kinh_mat,ImageNet
kinh_mat_0015.jpg,kinh_mat,ImageNet
kinh_mat_0016.jpg,kinh_mat,ImageNet
kinh_mat_0017.jpg,kinh_mat,ImageNet
kinh_mat_0018.jpg,kinh_mat,ImageNet
kinh_mat_0019.jpg,kinh_mat,ImageNet
kinh_mat_0020.jpg,kinh_mat,ImageNet
kinh_mat_0021.jpg,kinh_mat,ImageNet
kinh_mat_0022.jpg,kinh_mat,ImageNet
kinh_mat_0023.jpg,kinh_mat,ImageNet
kinh_mat_0024.jpg,kinh_mat,ImageNet
kinh_mat_0025.jpg,kinh_mat,ImageNet
kinh_mat_0026.jpg,kinh_mat,ImageNet
kinh_mat_0027.jpg,kinh_mat,ImageNet
kinh_mat_0028.jpg,kinh_mat,ImageNet
kinh_mat_0029.jpg,kinh_mat,ImageNet
kinh_mat_0030.jpg,kinh_mat,ImageNet
kinh_mat_0031.jpg,kinh_mat,ImageNet
kinh_mat_0032.jpg,kinh_mat,ImageNet
kinh_mat_0033.jpg,kinh_mat,ImageNet
kinh_mat_0034.jpg,kinh_mat,ImageNet
kinh_mat_0035.jpg,kinh_mat,ImageNet
kinh_mat_0036.jpg,kinh_mat,ImageNet
kinh_mat_0037.jpg,kinh_mat,ImageNet
kinh_mat_0038.jpg,kinh_mat,ImageNet
kinh_mat_0039.jpg,kinh_mat,ImageNet
kinh_mat_0040.jpg,kinh_mat,ImageNet
kinh_mat_0041.jpg,kinh_mat,ImageNet
kinh_mat_0042.jpg,kinh_mat,ImageNet
kinh_mat_0043.jpg,kinh_mat,ImageNet
kinh_mat_0044.jpg,kinh_mat,ImageNet
kinh_mat_0045.jpg,kinh_mat,ImageNet
kinh_mat_0046.jpg,kinh_mat,ImageNet
kinh_mat_0047.jpg,kinh_mat,ImageNet
kinh_mat_0048.jpg,kinh_mat,ImageNet
kinh_mat_0049.jpg,kinh_mat,ImageNet
kinh_mat_0050.jpg,kinh_mat,ImageNet
kinh_mat_0051.jpg,kinh_mat,ImageNet
kinh_mat_0052.jpg,kinh_mat,ImageNet
kinh_mat_0053.jpg,kinh_mat,ImageNet
kinh_mat_0054.jpg,kinh_mat,ImageNet
kinh_mat_0055.jpg,kinh_mat,ImageNet
kinh_mat_0056.jpg,kinh_mat,ImageNet
kinh_mat_0057.jpg,kinh_mat,ImageNet
kinh_mat_0058.jpg,kinh_mat,ImageNet
kinh_mat_0059.jpg,kinh_mat,ImageNet
kinh_mat_0060.jpg,kinh_mat,ImageNet
kinh_mat_0061.jpg,kinh_mat,ImageNet
kinh_mat_0062.jpg,kinh_mat,ImageNet
kinh_mat_0063.jpg,kinh_mat,ImageNet
kinh_mat_0064.jpg,kinh_mat,ImageNet
kinh_mat_0065.jpg,kinh_mat,ImageNet
kinh_mat_0066.jpg,kinh_mat,ImageNet
kinh_mat_0067.jpg,kinh_mat,ImageNet
kinh_mat_0068.jpg,kinh_mat,ImageNet
kinh_mat_0069.jpg,kinh_mat,ImageNet
kinh_mat_0070.jpg,kinh_mat,ImageNet
loa_0000.jpg,loa,ImageNet
loa_0001.jpg,loa,ImageNet
loa_0002.jpg,loa,ImageNet
loa_0003.jpg,loa,ImageNet
loa_0004.jpg,loa,ImageNet
loa_0005.jpg,loa,ImageNet
loa_0006.jpg,loa,ImageNet
loa_0007.jpg,loa,ImageNet
loa_0008.jpg,loa,ImageNet
loa_0009.jpg,loa,ImageNet
loa_0010.jpg,loa,ImageNet
loa_0011.jpg,loa,ImageNet
loa_0012.jpg,loa,ImageNet
loa_0013.jpg,loa,ImageNet
loa_0014.jpg,loa,ImageNet
loa_0015.jpg,loa,ImageNet
loa_0016.jpg,loa,ImageNet
loa_0017.jpg,loa,ImageNet
loa_0018.jpg,loa,ImageNet
loa_0019.jpg,loa,ImageNet
loa_0020.jpg,loa,ImageNet
loa_0021.jpg,loa,ImageNet
loa_0022.jpg,loa,ImageNet
loa_0023.jpg,loa,ImageNet
loa_0024.jpg,loa,ImageNet
loa_0025.jpg,loa,ImageNet
loa_0026.jpg,loa,ImageNet
loa_0027.jpg,loa,ImageNet
loa_0028.jpg,loa,ImageNet
loa_0029.jpg,loa,ImageNet
loa_0030.jpg,loa,ImageNet
loa_0031.jpg,loa,ImageNet
loa_0032.jpg,loa,ImageNet
loa_0033.jpg,loa,ImageNet
loa_0034.jpg,loa,ImageNet
loa_0035.jpg,loa,ImageNet
loa_0036.jpg,loa,ImageNet
loa_0037.jpg,loa,ImageNet
loa_0038.jpg,loa,ImageNet
loa_0039.jpg,loa,ImageNet
loa_0040.jpg,loa,ImageNet
loa_0041.jpg,loa,ImageNet
loa_0042.jpg,loa,ImageNet
loa_0043.jpg,loa,ImageNet
loa_0044.jpg,loa,ImageNet
loa_0045.jpg,loa,ImageNet
mu_0000.jpg,mu,ImageNet
mu_0001.jpg,mu,ImageNet
mu_0002.jpg,mu,ImageNet
mu_0003.jpg,mu,ImageNet
mu_0004.jpg,mu,ImageNet
mu_0005.jpg,mu,ImageNet
mu_0006.jpg,mu,ImageNet
mu_0007.jpg,mu,ImageNet
mu_0008.jpg,mu,ImageNet
mu_0009.jpg,mu,ImageNet
mu_0010.jpg,mu,ImageNet
mu_0011.jpg,mu,ImageNet
mu_0012.jpg,mu,ImageNet
mu_0013.jpg,mu,ImageNet
mu_0014.jpg,mu,ImageNet
mu_0015.jpg,mu,ImageNet
mu_0016.jpg,mu,ImageNet
mu_0017.jpg,mu,ImageNet
mu_0018.jpg,mu,ImageNet
mu_0019.jpg,mu,ImageNet
mu_0020.jpg,mu,ImageNet
mu_0021.jpg,mu,ImageNet
mu_0022.jpg,mu,ImageNet
mu_0023.jpg,mu,ImageNet
mu_0024.jpg,mu,ImageNet
mu_0025.jpg,mu,ImageNet
mu_0026.jpg,mu,ImageNet
mu_0027.jpg,mu,ImageNet
mu_0028.jpg,mu,ImageNet
mu_0029.jpg,mu,ImageNet
mu_0030.jpg,mu,ImageNet
mu_0031.jpg,mu,ImageNet
mu_0032.jpg,mu,ImageNet
mu_0033.jpg,mu,ImageNet
mu_0034.jpg,mu,ImageNet
mu_0035.jpg,mu,ImageNet
mu_0036.jpg,mu,ImageNet
mu_0037.jpg,mu,ImageNet
mu_0038.jpg,mu,ImageNet
mu_0039.jpg,mu,ImageNet
mu_0040.jpg,mu,ImageNet
mu_0041.jpg,mu,ImageNet
mu_0042.jpg,mu,ImageNet
mu_0043.jpg,mu,ImageNet
mu_0044.jpg,mu,ImageNet
mu_0045.jpg,mu,ImageNet
mu_0046.jpg,mu,ImageNet
mu_0047.jpg,mu,ImageNet
mu_0048.jpg,mu,ImageNet
mu_0049.jpg,mu,ImageNet
mu_0050.jpg,mu,ImageNet
mu_0051.jpg,mu,ImageNet
mu_0052.jpg,mu,ImageNet
mu_0053.jpg,mu,ImageNet
muong_0000.jpg,muong,ImageNet
muong_0001.jpg,muong,ImageNet
muong_0002.jpg,muong,ImageNet
muong_0003.jpg,muong,ImageNet
muong_0004.jpg,muong,ImageNet
muong_0005.jpg,muong,ImageNet
muong_0006.jpg,muong,ImageNet
muong_0007.jpg,muong,ImageNet
muong_0008.jpg,muong,ImageNet
muong_0009.jpg,muong,ImageNet
muong_0010.jpg,muong,ImageNet
muong_0011.jpg,muong,ImageNet
muong_0012.jpg,muong,ImageNet
muong_0013.jpg,muong,ImageNet
muong_0014.jpg,muong,ImageNet
muong_0015.jpg,muong,ImageNet
muong_0016.jpg,muong,ImageNet
muong_0017.jpg,muong,ImageNet
muong_0018.jpg,muong,ImageNet
muong_0019.jpg,muong,ImageNet
muong_0020.jpg,muong,ImageNet
muong_0021.jpg,muong,ImageNet
muong_0022.jpg,muong,ImageNet
muong_0023.jpg,muong,ImageNet
muong_0024.jpg,muong,ImageNet
muong_0025.jpg,muong,ImageNet
muong_0026.jpg,muong,ImageNet
muong_0027.jpg,muong,ImageNet
muong_0028.jpg,muong,ImageNet
muong_0029.jpg,muong,ImageNet
muong_0030.jpg,muong,ImageNet
muong_0031.jpg,muong,ImageNet
muong_0032.jpg,muong,ImageNet
muong_0033.jpg,muong,ImageNet
muong_0034.jpg,muong,ImageNet
muong_0035.jpg,muong,ImageNet
muong_0036.jpg,muong,ImageNet
muong_0037.jpg,muong,ImageNet
muong_0038.jpg,muong,ImageNet
muong_0039.jpg,muong,ImageNet
muong_0040.jpg,muong,ImageNet
muong_0041.jpg,muong,ImageNet
muong_0042.jpg,muong,ImageNet
muong_0043.jpg,muong,ImageNet
muong_0044.jpg,muong,ImageNet
muong_0045.jpg,muong,ImageNet
muong_0046.jpg,muong,ImageNet
muong_0047.jpg,muong,ImageNet
muong_0048.jpg,muong,ImageNet
muong_0049.jpg,muong,ImageNet
muong_0050.jpg,muong,ImageNet
muong_0051.jpg,muong,ImageNet
muong_0052.jpg,muong,ImageNet
muong_0053.jpg,muong,ImageNet
muong_0054.jpg,muong,ImageNet
muong_0055.jpg,muong,ImageNet
muong_0056.jpg,muong,ImageNet
muong_0057.jpg,muong,ImageNet
muong_0058.jpg,muong,ImageNet
muong_0059.jpg,muong,ImageNet
muong_0060.jpg,muong,ImageNet
muong_0061.jpg,muong,ImageNet
muong_0062.jpg,muong,ImageNet
muong_0063.jpg,muong,ImageNet
muong_0064.jpg,muong,ImageNet
muong_0065.jpg,muong,ImageNet
muong_0066.jpg,muong,ImageNet
muong_0067.jpg,muong,ImageNet
muong_0068.jpg,muong,ImageNet
muong_0069.jpg,muong,ImageNet
muong_0070.jpg,muong,ImageNet
muong_0071.jpg,muong,ImageNet
muong_0072.jpg,muong,ImageNet
muong_0073.jpg,muong,ImageNet
muong_0074.jpg,muong,ImageNet
muong_0075.jpg,muong,ImageNet
muong_0076.jpg,muong,ImageNet
muong_0077.jpg,muong,ImageNet
muong_0078.jpg,muong,ImageNet
muong_0079.jpg,muong,ImageNet
muong_0080.jpg,muong,ImageNet
muong_0081.jpg,muong,ImageNet
muong_0082.jpg,muong,ImageNet
muong_0083.jpg,muong,ImageNet
muong_0084.jpg,muong,ImageNet
muong_0085.jpg,muong,ImageNet
muong_0086.jpg,muong,ImageNet
muong_0087.jpg,muong,ImageNet
muong_0088.jpg,muong,ImageNet
muong_0089.jpg,muong,ImageNet
muong_0090.jpg,muong,ImageNet
muong_0091.jpg,muong,ImageNet
muong_0092.jpg,muong,ImageNet
muong_0093.jpg,muong,ImageNet
muong_0094.jpg,muong,ImageNet
muong_0095.jpg,muong,ImageNet
muong_0096.jpg,muong,ImageNet
muong_0097.jpg,muong,ImageNet
muong_0098.jpg,muong,ImageNet
muong_0099.jpg,muong,ImageNet
muong_0100.jpg,muong,ImageNet
noi_0000.jpg,noi,ImageNet
noi_0001.jpg,noi,ImageNet
noi_0002.jpg,noi,ImageNet
noi_0003.jpg,noi,ImageNet
noi_0004.jpg,noi,ImageNet
noi_0005.jpg,noi,ImageNet
noi_0006.jpg,noi,ImageNet
noi_0007.jpg,noi,ImageNet
noi_0008.jpg,noi,ImageNet
noi_0009.jpg,noi,ImageNet
noi_0010.jpg,noi,ImageNet
noi_0011.jpg,noi,ImageNet
noi_0012.jpg,noi,ImageNet
noi_0013.jpg,noi,ImageNet
noi_0014.jpg,noi,ImageNet
noi_0015.jpg,noi,ImageNet
noi_0016.jpg,noi,ImageNet
noi_0017.jpg,noi,ImageNet
noi_0018.jpg,noi,ImageNet
noi_0019.jpg,noi,ImageNet
noi_0020.jpg,noi,ImageNet
noi_0021.jpg,noi,ImageNet
noi_0022.jpg,noi,ImageNet
noi_0023.jpg,noi,ImageNet
noi_0024.jpg,noi,ImageNet
noi_0025.jpg,noi,ImageNet
noi_0026.jpg,noi,ImageNet
noi_0027.jpg,noi,ImageNet
noi_0028.jpg,noi,ImageNet
noi_0029.jpg,noi,ImageNet
noi_0030.jpg,noi,ImageNet
noi_0031.jpg,noi,ImageNet
noi_0032.jpg,noi,ImageNet
noi_0033.jpg,noi,ImageNet
noi_0034.jpg,noi,ImageNet
noi_0035.jpg,noi,ImageNet
noi_0036.jpg,noi,ImageNet
noi_0037.jpg,noi,ImageNet
noi_0038.jpg,noi,ImageNet
noi_0039.jpg,noi,ImageNet
noi_0040.jpg,noi,ImageNet
noi_0041.jpg,noi,ImageNet
noi_0042.jpg,noi,ImageNet
noi_0043.jpg,noi,ImageNet
noi_0044.jpg,noi,ImageNet
noi_0045.jpg,noi,ImageNet
noi_0046.jpg,noi,ImageNet
noi_0047.jpg,noi,ImageNet
noi_0048.jpg,noi,ImageNet
noi_0049.jpg,noi,ImageNet
noi_0050.jpg,noi,ImageNet
noi_0051.jpg,noi,ImageNet
noi_0052.jpg,noi,ImageNet
noi_0053.jpg,noi,ImageNet
noi_0054.jpg,noi,ImageNet
noi_0055.jpg,noi,ImageNet
noi_0056.jpg,noi,ImageNet
noi_0057.jpg,noi,ImageNet
noi_0058.jpg,noi,ImageNet
noi_0059.jpg,noi,ImageNet
noi_0060.jpg,noi,ImageNet
noi_0061.jpg,noi,ImageNet
noi_0062.jpg,noi,ImageNet
noi_0063.jpg,noi,ImageNet
noi_0064.jpg,noi,ImageNet
noi_0065.jpg,noi,ImageNet
noi_0066.jpg,noi,ImageNet
noi_0067.jpg,noi,ImageNet
noi_0068.jpg,noi,ImageNet
noi_0069.jpg,noi,ImageNet
noi_0070.jpg,noi,ImageNet
noi_0071.jpg,noi,ImageNet
noi_0072.jpg,noi,ImageNet
quat_0000.jpg,quat,ImageNet
quat_0001.jpg,quat,ImageNet
quat_0002.jpg,quat,ImageNet
quat_0003.jpg,quat,ImageNet
quat_0004.jpg,quat,ImageNet
quat_0005.jpg,quat,ImageNet
quat_0006.jpg,quat,ImageNet
quat_0007.jpg,quat,ImageNet
quat_0008.jpg,quat,ImageNet
quat_0009.jpg,quat,ImageNet
quat_0010.jpg,quat,ImageNet
quat_0011.jpg,quat,ImageNet
quat_0012.jpg,quat,ImageNet
quat_0013.jpg,quat,ImageNet
quat_0014.jpg,quat,ImageNet
quat_0015.jpg,quat,ImageNet
quat_0016.jpg,quat,ImageNet
quat_0017.jpg,quat,ImageNet
quat_0018.jpg,quat,ImageNet
quat_0019.jpg,quat,ImageNet
quat_0020.jpg,quat,ImageNet
quat_0021.jpg,quat,ImageNet
quat_0022.jpg,quat,ImageNet
quat_0023.jpg,quat,ImageNet
quat_0024.jpg,quat,ImageNet
quat_0025.jpg,quat,ImageNet
quat_0026.jpg,quat,ImageNet
quat_0027.jpg,quat,ImageNet
quat_0028.jpg,quat,ImageNet
quat_0029.jpg,quat,ImageNet
quat_0030.jpg,quat,ImageNet
quat_0031.jpg,quat,ImageNet
quat_0032.jpg,quat,ImageNet
quat_0033.jpg,quat,ImageNet
quat_0034.jpg,quat,ImageNet
quat_0035.jpg,quat,ImageNet
quat_0036.jpg,quat,ImageNet
quat_0037.jpg,quat,ImageNet
quat_0038.jpg,quat,ImageNet
quat_0039.jpg,quat,ImageNet
quat_0040.jpg,quat,ImageNet
quat_0041.jpg,quat,ImageNet
quat_0042.jpg,quat,ImageNet
quat_0043.jpg,quat,ImageNet
quat_0044.jpg,quat,ImageNet
quat_0045.jpg,quat,ImageNet
quat_0046.jpg,quat,ImageNet
quat_0047.jpg,quat,ImageNet
quat_0048.jpg,quat,ImageNet
quat_0049.jpg,quat,ImageNet
quat_0050.jpg,quat,ImageNet
quat_0051.jpg,quat,ImageNet
quat_0052.jpg,quat,ImageNet
quat_0053.jpg,quat,ImageNet
quat_0054.jpg,quat,ImageNet
quat_0055.jpg,quat,ImageNet
quat_0056.jpg,quat,ImageNet
quat_0057.jpg,quat,ImageNet
quat_0058.jpg,quat,ImageNet
quat_0059.jpg,quat,ImageNet
quat_0060.jpg,quat,ImageNet
quat_0061.jpg,quat,ImageNet
quat_0062.jpg,quat,ImageNet
quat_0063.jpg,quat,ImageNet
quat_0064.jpg,quat,ImageNet
quat_0065.jpg,quat,ImageNet
quat_0066.jpg,quat,ImageNet
quat_0067.jpg,quat,ImageNet
quat_0068.jpg,quat,ImageNet
quat_0069.jpg,quat,ImageNet
quat_0070.jpg,quat,ImageNet
quat_0071.jpg,quat,ImageNet
quat_0072.jpg,quat,ImageNet
quat_0073.jpg,quat,ImageNet
quat_0074.jpg,quat,ImageNet
quat_0075.jpg,quat,ImageNet
quat_0076.jpg,quat,ImageNet
quat_0077.jpg,quat,ImageNet
quat_0078.jpg,quat,ImageNet
quat_0079.jpg,quat,ImageNet
quat_0080.jpg,quat,ImageNet
quat_0081.jpg,quat,ImageNet
quat_0082.jpg,quat,ImageNet
quat_0083.jpg,quat,ImageNet
quat_0084.jpg,quat,ImageNet
quat_0085.jpg,quat,ImageNet
quat_0086.jpg,quat,ImageNet
quat_0087.jpg,quat,ImageNet
quat_0088.jpg,quat,ImageNet
quat_0089.jpg,quat,ImageNet
quat_0090.jpg,quat,ImageNet
quat_0091.jpg,quat,ImageNet
quat_0092.jpg,quat,ImageNet
quat_0093.jpg,quat,ImageNet
quat_0094.jpg,quat,ImageNet
quat_0095.jpg,quat,ImageNet
quat_0096.jpg,quat,ImageNet
tu_lanh_0000.jpg,tu_lanh,Kaggle
tu_lanh_0001.jpg,tu_lanh,Kaggle
tu_lanh_0002.jpg,tu_lanh,Kaggle
tu_lanh_0003.jpg,tu_lanh,Kaggle
tu_lanh_0004.jpg,tu_lanh,Kaggle
tu_lanh_0005.jpg,tu_lanh,Kaggle
tu_lanh_0006.jpg,tu_lanh,Kaggle
tu_lanh_0007.jpg,tu_lanh,Kaggle
tu_lanh_0008.jpg,tu_lanh,Kaggle
tu_lanh_0009.jpg,tu_lanh,Kaggle
tu_lanh_0010.jpg,tu_lanh,Kaggle
tu_lanh_0011.jpg,tu_lanh,Kaggle
tu_lanh_0012.jpg,tu_lanh,Kaggle
tu_lanh_0013.jpg,tu_lanh,Kaggle
tu_lanh_0014.jpg,tu_lanh,Kaggle
tu_lanh_0015.jpg,tu_lanh,Kaggle
tu_lanh_0016.jpg,tu_lanh,Kaggle
tu_lanh_0017.jpg,tu_lanh,Kaggle
tu_lanh_0018.jpg,tu_lanh,Kaggle
tu_lanh_0019.jpg,tu_lanh,Kaggle
tu_lanh_0020.jpg,tu_lanh,Kaggle
tu_lanh_0021.jpg,tu_lanh,Kaggle
tu_lanh_0022.jpg,tu_lanh,Kaggle
tu_lanh_0023.jpg,tu_lanh,Kaggle
tu_lanh_0024.jpg,tu_lanh,Kaggle
tu_lanh_0025.jpg,tu_lanh,Kaggle
tu_lanh_0026.jpg,tu_lanh,Kaggle
tu_lanh_0027.jpg,tu_lanh,Kaggle
tu_lanh_0028.jpg,tu_lanh,Kaggle
tu_lanh_0029.jpg,tu_lanh,Kaggle
tu_lanh_0030.jpg,tu_lanh,Kaggle
tu_lanh_0031.jpg,tu_lanh,Kaggle
tu_lanh_0032.jpg,tu_lanh,Kaggle
tu_lanh_0033.jpg,tu_lanh,Kaggle
tu_lanh_0034.jpg,tu_lanh,Kaggle
tu_lanh_0035.jpg,tu_lanh,Kaggle
tu_lanh_0036.jpg,tu_lanh,Kaggle
tu_lanh_0037.jpg,tu_lanh,Kaggle
tu_lanh_0038.jpg,tu_lanh,Kaggle
tu_lanh_0039.jpg,tu_lanh,Kaggle
tu_lanh_0040.jpg,tu_lanh,Kaggle
tu_lanh_0041.jpg,tu_lanh,Kaggle
tu_lanh_0042.jpg,tu_lanh,Kaggle
tu_lanh_0043.jpg,tu_lanh,Kaggle
tu_lanh_0044.jpg,tu_lanh,Kaggle
tu_lanh_0045.jpg,tu_lanh,Kaggle
tu_lanh_0046.jpg,tu_lanh,Kaggle
tu_lanh_0047.jpg,tu_lanh,Kaggle
tu_lanh_0048.jpg,tu_lanh,Kaggle
tu_lanh_0049.jpg,tu_lanh,Kaggle
tu_quan_ao_0000.jpg,tu_quan_ao,Kaggle
tu_quan_ao_0001.jpg,tu_quan_ao,Kaggle
tu_quan_ao_0002.jpg,tu_quan_ao,Kaggle
tu_quan_ao_0003.jpg,tu_quan_ao,Kaggle
tu_quan_ao_0004.jpg,tu_quan_ao,Kaggle
tu_quan_ao_0005.jpg,tu_quan_ao,Kaggle
tu_quan_ao_0006.jpg,tu_quan_ao,Kaggle
tu_quan_ao_0007.jpg,tu_quan_ao,Kaggle
tu_quan_ao_0008.jpg,tu_quan_ao,Kaggle
tu_quan_ao_0009.jpg,tu_quan_ao,Kaggle
tu_quan_ao_0010.jpg,tu_quan_ao,Kaggle
tu_quan_ao_0011.jpg,tu_quan_ao,Kaggle
tu_quan_ao_0012.jpg,tu_quan_ao,Kaggle
tu_quan_ao_0013.jpg,tu_quan_ao,Kaggle
tu_quan_ao_0014.jpg,tu_quan_ao,Kaggle
tu_quan_ao_0015.jpg,tu_quan_ao,Kaggle
tu_quan_ao_0016.jpg,tu_quan_ao,Kaggle
tu_quan_ao_0017.jpg,tu_quan_ao,Kaggle
tu_quan_ao_0018.jpg,tu_quan_ao,Kaggle
tu_quan_ao_0019.jpg,tu_quan_ao,Kaggle
tu_quan_ao_0020.jpg,tu_quan_ao,Kaggle
tu_quan_ao_0021.jpg,tu_quan_ao,Kaggle
tu_quan_ao_0022.jpg,tu_quan_ao,Kaggle
tu_quan_ao_0023.jpg,tu_quan_ao,Kaggle
tu_quan_ao_0024.jpg,tu_quan_ao,Kaggle
tu_quan_ao_0025.jpg,tu_quan_ao,Kaggle
tu_quan_ao_0026.jpg,tu_quan_ao,Kaggle
tu_quan_ao_0027.jpg,tu_quan_ao,Kaggle
tu_quan_ao_0028.jpg,tu_quan_ao,Kaggle
tu_quan_ao_0029.jpg,tu_quan_ao,Kaggle
tu_quan_ao_0030.jpg,tu_quan_ao,Kaggle
tu_quan_ao_0031.jpg,tu_quan_ao,Kaggle
tu_quan_ao_0032.jpg,tu_quan_ao,Kaggle
tu_quan_ao_0033.jpg,tu_quan_ao,Kaggle
tu_quan_ao_0034.jpg,tu_quan_ao,Kaggle
tu_quan_ao_0035.jpg,tu_quan_ao,Kaggle
tu_quan_ao_0036.jpg,tu_quan_ao,Kaggle
tu_quan_ao_0037.jpg,tu_quan_ao,Kaggle
tu_quan_ao_0038.jpg,tu_quan_ao,Kaggle
tu_quan_ao_0039.jpg,tu_quan_ao,Kaggle
tu_quan_ao_0040.jpg,tu_quan_ao,Kaggle
tu_quan_ao_0041.jpg,tu_quan_ao,Kaggle
tu_quan_ao_0042.jpg,tu_quan_ao,Kaggle
tua_vit_0000.jpg,tua_vit,ImageNet
tua_vit_0001.jpg,tua_vit,ImageNet
tua_vit_0002.jpg,tua_vit,ImageNet
tua_vit_0003.jpg,tua_vit,ImageNet
tua_vit_0004.jpg,tua_vit,ImageNet
tua_vit_0005.jpg,tua_vit,ImageNet
tua_vit_0006.jpg,tua_vit,ImageNet
tua_vit_0007.jpg,tua_vit,ImageNet
tua_vit_0008.jpg,tua_vit,ImageNet
tua_vit_0009.jpg,tua_vit,ImageNet
tua_vit_0010.jpg,tua_vit,ImageNet
tua_vit_0011.jpg,tua_vit,ImageNet
tua_vit_0012.jpg,tua_vit,ImageNet
tua_vit_0013.jpg,tua_vit,ImageNet
tua_vit_0014.jpg,tua_vit,ImageNet
tua_vit_0015.jpg,tua_vit,ImageNet
tua_vit_0016.jpg,tua_vit,ImageNet
tua_vit_0017.jpg,tua_vit,ImageNet
tua_vit_0018.jpg,tua_vit,ImageNet
tua_vit_0019.jpg,tua_vit,ImageNet
tua_vit_0020.jpg,tua_vit,ImageNet
tua_vit_0021.jpg,tua_vit,ImageNet
tua_vit_0022.jpg,tua_vit,ImageNet
tua_vit_0023.jpg,tua_vit,ImageNet
tua_vit_0024.jpg,tua_vit,ImageNet
tua_vit_0025.jpg,tua_vit,ImageNet
tua_vit_0026.jpg,tua_vit,ImageNet
tua_vit_0027.jpg,tua_vit,ImageNet
tua_vit_0028.jpg,tua_vit,ImageNet
tua_vit_0029.jpg,tua_vit,ImageNet
tua_vit_0030.jpg,tua_vit,ImageNet
tua_vit_0031.jpg,tua_vit,ImageNet
tua_vit_0032.jpg,tua_vit,ImageNet
tua_vit_0033.jpg,tua_vit,ImageNet
tua_vit_0034.jpg,tua_vit,ImageNet
tua_vit_0035.jpg,tua_vit,ImageNet
tua_vit_0036.jpg,tua_vit,ImageNet
tua_vit_0037.jpg,tua_vit,ImageNet
tua_vit_0038.jpg,tua_vit,ImageNet
tua_vit_0039.jpg,tua_vit,ImageNet
tua_vit_0040.jpg,tua_vit,ImageNet
tua_vit_0041.jpg,tua_vit,ImageNet
tua_vit_0042.jpg,tua_vit,ImageNet
tua_vit_0043.jpg,tua_vit,ImageNet
tua_vit_0044.jpg,tua_vit,ImageNet
tua_vit_0045.jpg,tua_vit,ImageNet
tua_vit_0046.jpg,tua_vit,ImageNet
tua_vit_0047.jpg,tua_vit,ImageNet
tua_vit_0048.jpg,tua_vit,ImageNet
tua_vit_0049.jpg,tua_vit,ImageNet
tua_vit_0050.jpg,tua_vit,ImageNet
tua_vit_0051.jpg,tua_vit,ImageNet
tua_vit_0052.jpg,tua_vit,ImageNet
tua_vit_0053.jpg,tua_vit,ImageNet
tua_vit_0054.jpg,tua_vit,ImageNet
tua_vit_0055.jpg,tua_vit,ImageNet
tua_vit_0056.jpg,tua_vit,ImageNet
tua_vit_0057.jpg,tua_vit,ImageNet
tua_vit_0058.jpg,tua_vit,ImageNet
tua_vit_0059.jpg,tua_vit,ImageNet
tua_vit_0060.jpg,tua_vit,ImageNet
tua_vit_0061.jpg,tua_vit,ImageNet
tua_vit_0062.jpg,tua_vit,ImageNet
tua_vit_0063.jpg,tua_vit,ImageNet
tua_vit_0064.jpg,tua_vit,ImageNet
tua_vit_0065.jpg,tua_vit,ImageNet
tua_vit_0066.jpg,tua_vit,ImageNet
tua_vit_0067.jpg,tua_vit,ImageNet
tua_vit_0068.jpg,tua_vit,ImageNet
tui_0000.jpg,tui,ImageNet
tui_0001.jpg,tui,ImageNet
tui_0002.jpg,tui,ImageNet
tui_0003.jpg,tui,ImageNet
tui_0004.jpg,tui,ImageNet
tui_0005.jpg,tui,ImageNet
tui_0006.jpg,tui,ImageNet
tui_0007.jpg,tui,ImageNet
tui_0008.jpg,tui,ImageNet
tui_0009.jpg,tui,ImageNet
tui_0010.jpg,tui,ImageNet
tui_0011.jpg,tui,ImageNet
tui_0012.jpg,tui,ImageNet
tui_0013.jpg,tui,ImageNet
tui_0014.jpg,tui,ImageNet
tui_0015.jpg,tui,ImageNet
tui_0016.jpg,tui,ImageNet
tui_0017.jpg,tui,ImageNet
tui_0018.jpg,tui,ImageNet
tui_0019.jpg,tui,ImageNet
tui_0020.jpg,tui,ImageNet
tui_0021.jpg,tui,ImageNet
tui_0022.jpg,tui,ImageNet
tui_0023.jpg,tui,ImageNet
tui_0024.jpg,tui,ImageNet
tui_0025.jpg,tui,ImageNet
tui_0026.jpg,tui,ImageNet
tui_0027.jpg,tui,ImageNet
tui_0028.jpg,tui,ImageNet
tui_0029.jpg,tui,ImageNet
tui_0030.jpg,tui,ImageNet
tui_0031.jpg,tui,ImageNet
tui_0032.jpg,tui,ImageNet
tui_0033.jpg,tui,ImageNet
tui_0034.jpg,tui,ImageNet
tui_0035.jpg,tui,ImageNet
tui_0036.jpg,tui,ImageNet
tui_0037.jpg,tui,ImageNet
tui_0038.jpg,tui,ImageNet
tui_0039.jpg,tui,ImageNet
tui_0040.jpg,tui,ImageNet
tui_0041.jpg,tui,ImageNet
tui_0042.jpg,tui,ImageNet
tui_0043.jpg,tui,ImageNet
tui_0044.jpg,tui,ImageNet
tui_0045.jpg,tui,ImageNet
tui_0046.jpg,tui,ImageNet
tui_0047.jpg,tui,ImageNet
tui_0048.jpg,tui,ImageNet
tui_0049.jpg,tui,ImageNet
tui_0050.jpg,tui,ImageNet
tui_0051.jpg,tui,ImageNet
tui_0052.jpg,tui,ImageNet
tui_0053.jpg,tui,ImageNet
tui_0054.jpg,tui,ImageNet
tui_0055.jpg,tui,ImageNet
tui_0056.jpg,tui,ImageNet
tui_0057.jpg,tui,ImageNet
tui_0058.jpg,tui,ImageNet
tui_0059.jpg,tui,ImageNet
tui_0060.jpg,tui,ImageNet
tui_0061.jpg,tui,ImageNet
tui_0062.jpg,tui,ImageNet
tui_0063.jpg,tui,ImageNet
